content,SENTIMEN,,,,
Super the best banget . Dan PUAS belanja di shoppe,positif,,,,
Senang berbelanja di shoope ..tingkatkan terus pelayanannya,positif,,,,
Allahu Akbar semoga saya dapat mobil??,positif,,,,
sangat bagus untuk semuanya,positif,,,,
Sangat lemot..!!,negatif,,,,
Nice job,positif,,,,
Jos,positif,,,,
Jos..mantab,positif,,,,
Aplikasi shopee sangat bermanfaat sekali,positif,,,,
Belanja jadi lebih mudah..dari jauh bisa memberi hadiah buat keluarga,positif,,,,
"UI, serves ampas",negatif,,,,
Shopee mendukung penjual-penjual penipu yg sangat merugikan pembeli,negatif,,,,
Good job,positif,,,,
"tingkat keamanan menyulitkan pengguna, karna kita tidak bisa melakukan transaksi diakun kita sendiri jika terdeteksi baru login diperangkat baru. padahal saya sendiri pemilik akun tsb hanya karna saya mereset hp saya lalu saya tidak bisa melakukan transaksi.",negatif,,,,
trh,negatif,,,,
Sangat membantu buat para pejuang rupiah,positif,,,,
Sangat bermanfaat bagi yang memerlukan pembelian yang sulit dicari di kota" dekat,positif,,,,
BAgus,positif,,,,
bagi kan saya banyak koin,positif,,,,
Shopping jadi mudah di Shopee.,positif,,,,
Aplikasi paling jelek sekali ini shope jelek lemot??,negatif,,,,
Cakep,positif,,,,
Shopy p4nt3k,negatif,,,,
Sangat membantu,positif,,,,
Suka,positif,,,,
"Shopee adalah marketplace yang paling lemot dan ngebug parah sedunia, orang klik apa dianya keluar apa, parah.. mau bayar pake shopee pay loadingnya mau nunggu 10 abad!!. Aplikasi paling lemot lemot lemot dr pada yg lain. BYE!",negatif,,,,
Lalod aplikasinya,negatif,,,,
Lola mo pembayaran muter" mulu,negatif,,,,
"Promo diawal saja sudah menipu, chat CS tidak solutif masalah dilempar sana sini sampai nunggu beberapa hari cuma karena perihal promo yg belum saya gunakan tapi dari pihak shopee menolak karena pernah dipakai, padahal saya baru download dan aktivasi akun serta pakai promo itu cuma jeda beberapa menit. Banyak nipunya, CS gak solutif, aplikasi pun terlalu berat tidak nyaman. Mau kirim bukti kesalahan dari pihak shopee tapi sayang disini tidak bisa kirkm foto buat bukti.",negatif,,,,
Kecewa sama aplikasi shopi knpa gabisa isi saldo pulsa lagi tolong di perbaiki,negatif,,,,
bisa gak sih ongkir buat shopee food gausah mahal kali? untuk sekali makan aja setara sama belu beras 10 kilo padahal makanan yg dibeli murah aja. ongkir sama biaya lain lainnya yg bikin mahal,negatif,,,,
"MANA GRATIS ONGKIR OI , MASA GRATIS ONGKIR BELI ,ITU NAMANNYA BUKAN GRATIS ONGKIR SIALAN APLIKASI INI ,KAYAK BAUK2 MAU DI APUS NI",negatif,,,,
Uda pake aplikasi ini tapi iklan muncul trs di beranda hp saya. Gak masuk,negatif,,,,
baik,positif,,,,
Mantap ??,positif,,,,
Bagus,positif,,,,
Tambah lagi dong pocer nya,negatif ,,,,
aplikasinya lemot,negatif,,,,
Axel Pk br. 5 Slm 9n pth. 3 Slm 12n pth. 3,positif,,,,
Bagus,positif,,,,
Buruk ngajuin spaylager gabisa bisa udah berpuluh puluh kali padahal sering pake shope,negatif,,,,
matul bgt..,positif,,,,
????????????????????,positif,,,,
Forum yg good lah... untuk Menjual dan beli terpercaya So Good lah??,positif,,,,
Oke,positif ,,,,
"Aplikasi gak jelas banget, berat banget woyy lelet muter² terus. Gak guna!!!",negatif,,,,
Kenapa sih shopee tuh lemot banget bikin kesel.....??????,negatif,,,,
Makin aneh,negatif,,,,
"Aplikasi cacat kebanyakan fitur gajelas , bikin seller berjualan lemot ,beda kaya toko ijo ringan enak karna fokus buat jual beli.. apalagi fitur shopee video ngikutin tiktok , makin bikin lemot mau pake sinyal 5G juga. Serakah banget pengen punya segalanya dalam 1 aplikasi tapi aplikasi gapernah di upgrade . Coba pengembang aplikasinya suruh cobain make aplikasinya sendiri , pasti geregetan!!!",negatif,,,,
"Tinggalin shoopee aja rame²,apk sdh gak jelas,lemod,gak kek dulu lagi,kek apk sampah",negatif,,,,
Puas atas layanan cod nya,positif,,,,
Mantappppp,positif,,,,
gak ribet buat belanja,positif,,,,
Kalo pasang iklan gak ngotak -tombol close kecil - iklan 5 detik closenya ampe 100x -gak di pencet ngarah sendiri ke playstore... Hahaha miskin amat lu tong,negatif,,,,
agak lemot..video juga di klik komen susah..,negatif,,,,
Mudah dan terpercaya aman,positif,,,,
Sering lemot,negatif,,,,
"Lola bgt skrng aplikasinya kebanyakan fitur, capek aku cari brg ga bisa sat set ngeblank mulu",negatif,,,,
mantul,positif,,,,
Ok,positif,,,,
Aku suka aplikasi shopee karena selain murah juga sering dapet gratisan ongkir,positif,,,,
Banyak penipuan di Shopee udh sering bngt kena tipu toko di Shopee,negatif,,,,
Pelayanan bagus tapi gak pernah dapat shopepay,,,,,
"Namanya doang shope expres, paket stak di cileungsi udah 3 hari kaga jalan jalan..",negatif,,,,
Saya suka menggunakan shopee ketika belanja online. Prosesnya cepat tanggap. Terima kasih shopee,positif,,,,
Shopee no 1,positif,,,,
Okk,positif,,,,
Alahamdulillah shopee Aman,positif,,,,
ok,positif,,,,
terimakasih shopee,positif,,,,
"Waspadalah pakai apk shoope ini !! Anda akan terkena rancunnya seoerti saya ini dengan gratis ongkirnya tiap hari, batang2 murah dan berkualitas !",positif,,,,
sejauh ini cukup puas,positif,,,,
Sangat membantu,positif,,,,
sangat bagus,positif,,,,
"login diakun sendiri malah minta scan, sedangkan login aja gabisa gimana mau scan, ribet mending pake apk ijo",negatif,,,,
"Kenapa yah punya aku sekarang ga bisa di buka ga ada muncul apa² ,padahal mau ngecek pesanan ?? mau cek out juga ga bisa ??gimana dong??",negatif,,,,
Mantap pokoknya belanja di shopee...????,positif,,,,
Iklanya alai banget,negatif,,,,
Bagus,positif,,,,
God job,positif,,,,
Semakin tidak bagus....mahal mahal semua ongkir dan barang di shope..kwalitas barang ny pun sekarang gak ada yang bagus,negatif,,,,
Kalau bikin iklan di game yang ngotak dikit lah,negatif,,,,
Bagus,positif,,,,
Be de bes ngentid mentol jiwa,negatif,,,,
Terimakasih alhamdulillah baik dari wan Al,positif,,,,
"aplikasi ny udah bgus .. msalah ny hnya tinggal kurir2 ny yg mngkin gk ada SOP ny klu kerja .. barang blm tiba di tempat tujuan malah mau di kembalikan ke toko ny.. dengan alasan pembeli tidak dapat di hubungi. kan gilak .. atau karena saya pesan paket pakai voucher ya, makany mereka2 kek gtu kerjanya .. tolong lh pihak shopee lebih cepat di respon status barang di kirim dan nomor telepon kurir ny",negatif ,,,,
Nyesel banget top up.. Malah tolol apknya.,negatif,,,,
Patennn,positif,,,,
"Puas blnja dsni, byk voucher nya??",positif,,,,
Ngotak dikit lah Apaan mau isi pulsa tiba² ga bisa di proses,negatif,,,,
"Begitu klik bayar sekarang langsung terhubung dengan seabank dan tidak ada opsi bank lain, customer service tidak bisa dihubungi, yang menjawab mesin dengan pertanyaan dan jawaban default, sehingga tidak bisa membantu. Sudah kebanyakan pelanggan, kayaknya nggak butuh saya lagi, bye Sophee",negatif,,,,
sangat membantu,positif,,,,
"Untuk para customer diharap lebih bijak lagi dalam memilih toko saat membeli barang.soalnya penjualan ramai gak menjamin barang itu bagus,apalagi untuk barang elektronik.Kalo bisa harus dari shopee official atau shopee mall,soalnya banyak toko dengan barang elektroniknya jadi no 1 penjualan tapi kualitas barangnya jelek,bekas,atau bahkan pernah dapet barang palsu yang dah gak berfungsi.Hanya sekedar pengingat buat customer supaya lebih teliti dalam membeli barang.",negatif ,,,,
Suka ngelag,negatif,,,,
Pdhl dlu apk olshop favorit sekarang stlh di update mlh shopeepay plus nya gak bisa dibuka huh kecewa bgt,negatif,,,,
Saya suka belanja di shopee,positif,,,,
oo,positif,,,,
mantap,positif,,,,
Bagus sekali aplikasinya dan sip...,positif,,,,
Lelet berat,negatif,,,,
Pengguna setia shope ????,positif,,,,
Terpercaya,positif,,,,
"makin lemot aplikasinya, buka shopee serasa main genshin impact resulusi hd pake hp ram 3gb. signal bagus aja lemot, apalagi pas jelek makin lemot kayak akslerasi scoopy new awokwokwok",negatif,,,,
bagus bang,positif,,,,
Shoope bagus dan barang2 nya terjamin kualitas bagus....,positif,,,,
Klo bisa di adain voucer diskon kak buat pengguna baruu,positif ,,,,
Bagus aplikasinya,positif,,,,
Bagis,positif,,,,
Pelayanan nyaman.. pengiriman rapih dan cepat...,positif,,,,
asyiiiappo,positif,,,,
Aplikasi yang sangat bagus buat orang orang yg mau belanja hemat dan kualitas bagus .,positif,,,,
Kamuu nanyaaaaaa??,negatif,,,,
Sangat membantu??????????????????,positif,,,,
sistem shoope pay tidak berjalan dengan baik,negatif,,,,
siiiiplah,positif,,,,
Mampir ya,positif ,,,,
Lumayan adapeningkatan layanan,positif,,,,
sistem tidak berjalan bagus untuk shoope pay,negatif,,,,
Ok,positif,,,,
Keren,positif,,,,
Vvb,negatif,,,,
Sering delay sinyalku kpn y pdhl aku senang banget belanja disini lohhh ??,positif,,,,
sangat suka,positif,,,,
"Mengapa skrang pesan shoppe food,tidk tersedia pembayaran untk paylater",negatif,,,,
"Spaylater Sudah Di Lunasi Dari Tahun Kemarin Masih Saja Di Blokir , Maaf Kasih Bintang 1 Pelayanan Kurang Memuaskan Customer",negatif,,,,
"Memang belum lama bergabung di shopee , mungkin baru sekitar dua tahun . memiliki dan mengelola toko online dan terkadang melakukan transaksi pembelian juga dari toko lain , sejauh ini bagus . hanya yg ckup mengecewakan adalah sulitnya melakukan pinjaman dari aplikasi yg di sediakan di shopee .",positif,,,,
Alhamdulillah,positif,,,,
Aplikasi nya kurang bagus setiap mau login ke akun pasti selalu ada bacaan blokir ????,negatif,,,,
Yg penting bahagia,positif,,,,
sangat membantu,positif,,,,
Bagus ok bye,positif,,,,
Keren,positif,,,,
bagus...,positif,,,,
Ok,positif,,,,
Bagus benget mudah untuk belanja online,positif,,,,
Shope Mantap,positif,,,,
Aplikasi sangat berat sekali susah milih milih barang kalo mau belanja ??,positif,,,,
bgusss,positif,,,,
"Noo, shopee nggak seperti yang kalian kira",negatif,,,,
baik,positif,,,,
"Sebenarnya shopee sangat bagus untuk jualan online, cuma sekarang ini aplikasinya agak lemot sehingga menganggu untuk update produk, apakah ada obatnya, padahal jaringan bagus",positif,,,,
Aplikasi keren,positif,,,,
sangat bagus Shopee,positif,,,,
Mantap,positif,,,,
Opsi pengiriman loading nya lama,negatif,,,,
nice,positif,,,,
"Cod gak bisa,katanya karena barang GGL dikirim dan di kembalikan.alasanya GK masuk akal padahal yg bermasalah jasa kirim shope sendiri pada mengundurkan diri jadi pesanan GK diantar.aneh",negatif,,,,
Sekarang Shopee jdi byak biaya tambahan dan voucher gratis ongkir gk sebanyak dlu,negatif,,,,
"Kacau nih kalo jadi sellernya. Barang rusak sama ekspedisi yang di ganti cuma buat pembeli, untuk seller susah banget suruh menunggu terus di ganti mah kaga!",negatif,,,,
suka pake shopee,positif,,,,
"Shopee semakin kesini semakin pelit, saya sudah member platinum cuma diberi 3x gratis ongkir untuk 1 minggu, itu pun gratis nya cuma 3.000",negatif,,,,
"Banyak eror sekarang, gak kayak dulu, sering leg2, makin di update makin parah, sangat kecewa, dan diskon nya pun sangat tidak puas, dan ongkir pun mahal sekarang, sangat sangat kecewa banget",negatif,,,,
Aplikasinya kelamaan loading Apalgi bagian pembayaran Pdahal jaringan full,negatif,,,,
Blanja makin simple,positif,,,,
lemot,negatif,,,,
mantap,positif,,,,
Shoppe penipu,negatif,,,,
oke,positif,,,,
Bagus,positif,,,,
"Sy termasuk belum lama di Shopee, dulu kurang tertarik, ternyata belanja di Shopee menyenangkan. Salam sukses.",positif,,,,
Apk yg sngt bguss sya tdk mnyesal mendownload shopee??,positif,,,,
ngelag kali apk ny ????????,negatif,,,,
Mantab mudah digunakan,positif,,,,
Ok,positif,,,,
Untuk hp spek lumayan tetap lemot :( tolong pihak dev dengarkan saran-saran kami para user. Reels gk jelas video2 gk jelas diupload yg bukan produk dijual! Hapus aja reels klo live msh gapapa tp tetap perbaiki agar lebih stabil jgn fitur2 mulu tp gk peduli user !,negatif,,,,
good job,positif,,,,
Bagusss,positif,,,,
shopee keren,positif,,,,
"Soo far, so good.. Tolong di filter lagi toko yg nakal donk...",positif,,,,
Yang bilang apk ini lelet itu hpnya aja. Ini hp ku nggk lelet,positif,,,,
Hemmm yes,positif,,,,
good,positif,,,,
mantap,positif,,,,
Good,positif,,,,
Mntap... Lnjut kan.. Smoga mkin jaya ????,positif,,,,
Bgus bgt,positif,,,,
"Untuk yang Shopee food biaya layanan mungkin bisa di ubah jadi 2000 atau 1000, kalau 5000 menurut saya itu terlalu mahal. Ini untuk daerah sidoarjo ya gak tau kalau di daerah lain berbeda",negatif,,,,
Parahhh aplikasi ini lemot dehhh sdh beberapa kali upgrade Haduhhh bikin rugi dan cape hati,negatif,,,,
Bintang yang berbicara,negatif ,,,,
Shopee agak lemot makanya saya kasih bintang 4,negatif,,,,
Mohon pihak shopee di cek ulang aplikasinya.. semakin di update semakin lelet dan berat.. sulit untuk membuka aplikasinya.. kami pemakai shopee terasa tidak nyaman dan sulit untuk bertraksaksi.. mohon di cek kembali.. agar para memakai aplikasi shopee lebih nyaman.. terima kasih,negatif,,,,
Sopi edan,negatif,,,,
"Lelet, lemot",negatif,,,,
"mungkin ini dikeluhkan banyak user shopee. tolonglah adakan fitur untuk bisa on dan off agar para user bisa milih atau enggaknya nerima/nonton fitur shoppe live dan shoppe video. dengan adanya kedua fitur tadi langsung shopee terasa berat, lag dan sering ghost touch. sehingga kelancaran dan kecepatan ketika shopee diperlukan terasa ribet sering lola nya. karena gak semua user shopee pastinya yang suka klik dan nonton shopee live dan shoppe video. trima",negatif,,,,
s.pinjam Ku kok belum aktif yaa dan knp payleter ku saja yg semakin bertambah limit nya,negatif,,,,
Untuk saat ini lumayan Pertahankan,positif,,,,
antap,positif,,,,
Seneng banget shoper byk gratis ongkir nya,positif,,,,
Kalau ada penilaian minus bintang 5 saya pilih minus bintang 5 deh. Soalnya sekarang topup shopeepay pake kode otp segala!! No spay saya aktip.. jaringan hp saya bagus.. tapi tetep engga ada no otp!! Udh berkali-kali kirim ulang ttp engga ada!! Mending balikin lagi kaya bulan2 lalu engga ada verif no hp.. lancar2 ajh tuh.. jadi imbasnya sekarang saya engga pake spay lagi?? pdhal overall semua fitur ny shopee berguna bagi kehidupan saya..,negatif,,,,
Download nya lama,negatif,,,,
suka aja dengan shopee,positif,,,,
Ok,positif,,,,
"Transfer dari dana ke shopeepay 51.763, biaya dari dana 999. Jadinya kan 52.762. trus yang masuk ke shopeepay nya cuman 50.762. kan aneh! Gitu protes ke cs katanya potongan 2rb dari dananya, saya ss lah yang di dananya jelas2 tertulis 999 rupiah. Cs nya malah bingung, masalah gk terselesaikan sama sekali. Gak ada pemberitahuan potongan sekian2, eh tiba2 dipotong. Kecewa parah!!",negatif,,,,
"Update Entahlah siapa yg membuat aplikasi ini di indonesia. PADAHAL Copas deskripsi dari Note sudah kedetect pelanggaran. kayak apk.mu gak berat!! Sekali klik saja nunggu sambil kerja yg lain bisa. Makanya di amati detail semua deskripsi produk semua nya singkat². Shope tidak mau belajar dari senior²nya yg sudah ada. Tulis deskripsi agak panjang koneksi putus, itu TOLOL namanya. bukannya deskripsi itu penting.. Apk sotoy kebanyakan PoLa dan tingkah. Terutama yg membuat Apk.nya kebanyakan model.",negatif,,,,
"Saya harap nggak usah ada status video di shopee, itu membuat jaringan internet shopee jadi lemah, membuat pengguna nggak nyaman",negatif ,,,,
mantap,positif,,,,
Mantap,positif,,,,
Bonus shoppe video nya kok diubah jadi koin sih . Jadi gak bagus kalau hadiah nya koin bukan uang. Jadi gak semangat buka shoppe nya,negatif,,,,
"Kenapa yaa buka shopee malah kayak error dan kedap kedip begitu di hp saya? Padahal aplikasi lain baik-baik aja gak ada yg error. Mohon bantuannya dan konfirmasinya karna saya sebagai seller jadi kebingungan untuk melakukan jual beli karna aplikasi tidak bisa dijalankan. Balasan untuk developer, saya sudah clear cache bahkan instal ulang tp aplikasi tetap gak bisa digunakan",negatif,,,,
"Aplikasinya kurangi dong, makin di update makin lemot aja..",negatif,,,,
banyak iklan ????????,negatif,,,,
Aplykasi bagus tp jika buka nya berat kenapa ya,negatif,,,,
mantap,positif,,,,
bagus,positif,,,,
Selama belanja di shopie alhmdulilah slalu sesuai hrpan. Smoga shopie mkin amnh brokah n lncar,positif,,,,
Kami lanjut,positif,,,,
L0,negatif,,,,
Shopee is the best.belanja di shopee mudah.suka dan murah.thaks shopee.,positif,,,,
"Apa gegara abis update kenapa malah suka ngelag sama banyak nge-bug nya neh aplikasi, masa hape ram gede aja bisa selelet ini, perasaan sinyal juga oke, Sementara bintang ?? 1 dulu, mau pake online shop yg laen dulu sampe aplikasi lancar kembali",negatif,,,,
Good,positif,,,,
Awesome,positif,,,,
"Apk lu jelek. Lemot bgt Buka yg lain lancar jaya. Ga heran si ni apk bakalan hancur, bakalan hancurin dev nya sendiri",negatif,,,,
ada apa sama paylaternya??,positif,,,,
Sangat bagus dan rekomendasi,positif,,,,
??????,positif,,,,
"Okke Shopee good job sudah lama banget pakai Shopee , saran nya harus di tingkatkan lagi untuk shopepaylater nya sma Shopee pinjam nya limit nya biar besar.",positif,,,,
Sangat menyenangkan,positif,,,,
"Banyak banyakin gratis ongkirnya ya min,sama flas salenya ga ngotak jirrr dlm hitungan 1 menit dah habis",positif,,,,
berat bngt apknya bikin hp ngehang,negatif,,,,
Good job,positif,,,,
Oke,positif,,,,
lelettttt,negatif,,,,
Semakin sering dipake mlh semakin loading,negatif,,,,
mantapp,positif,,,,
LEMOT,negatif,,,,
Good,positif,,,,
Kenapa yaa ga bisaa sistim COD padahal kan lumayan loh minn ini gratiss ongkir tapii kenapa ga bisaa COD ahhhhhh........... Pliss lahh minn sistem COD nya nyalain,negatif,,,,
Good,positif,,,,
Lemott,negatif,,,,
"Payah, masa mau top up masa batas maximumnya 1 juta wkwkk duhh bagusan Shopee yang lamaa. Masih bagusan lapak ijoo",negatif,,,,
"...ft X,, . 6 9, . To FC vbkm John nutty B . B bu 0 . Bu 7bb53bbvccc KFCNB b 0 . Bui 7600 g ,,TTS r Er TTS yg) v 00 . . Jet swt. Bet , Get j",negatif,,,,
Sangat membantu,positif,,,,
"shoppe sangat menyenangkan,dlm belanja, menonton, bermain game ??????",positif,,,,
Mantappppp??????????,positif,,,,
Mksh shopee mg sukses sllu,positif,,,,
Mantap...,positif,,,,
Overall mantap jiwa ting ting,positif,,,,
Lumayan,positif,,,,
Josss,positif,,,,
Mengganggu,negatif,,,,
Aku sukaaaaaa shope,positif,,,,
Hrga terjangkau murah,positif,,,,
"Aplikasinya terlalu berat, HP cuna ram 2 GB mau belanja aja minta ampun susahnya",negatif,,,,
Lag gak jelas shopee,negatif,,,,
Kurangnya driver sehingga saya mau pesan makan harus nunggu lama dan akhirnya diCANCEL APLIKASINYA SENDIRI,negatif,,,,
Sekarang sudah sekali mau pencarian aj lemott banget padahal jaringan stabil,negatif,,,,
Sejauh ini Alhamdulillah blm pernah kecewa dgn barang2 yg dkirim dari shoppe semua datang sesuai pesanan??????,positif,,,,
????????,positif,,,,
bagus,positif,,,,
"Belanja aman,nyaman , tanpa ribet",positif,,,,
Nyaman,positif,,,,
Pengiriman di aplikasi shopee sangat lambat,negatif,,,,
dia lelet kalo di buka itu suka ngelag maaf biasanya ada kurangg,negatif,,,,
"Lemot banget setelah di update, eror. Muter2 gak jelas. Tolong diperbaiki lagi",negatif,,,,
mantap jiwa,positif,,,,
Belanja online jadi gampang & vocher gratis ongkirnya oke,positif,,,,
Good,positif,,,,
sangat memuaskan,positif,,,,
ok,positif,,,,
Mantap,positif,,,,
mantap,positif,,,,
Josss beli apa ajh ada,positif,,,,
Oke lah,positif,,,,
good,positif,,,,
aplikasi bagus,positif,,,,
sangat cocok,positif,,,,
"Ini kenapa bayar shoopee pinjam separuh dulu, tapi nominal pembayaranya tetap tidak berubah, kebiasaan aplikasinya gini terus, klo bayar seoaro dulu, ngga diperbaiki perbaiki",negatif,,,,
"Shopee live dengan slogan "" MENDADAK SULTAN "" GAK COCOK!!! . Reward hanya 10 perak per menit, dan akun pun sekarang dibatasi untuk mendapatkan reward, semakin hari semakin gak adil, kerasa bener perbedaan pengguna lama dan barunya ??????",negatif,,,,
"ngak tapai,ongghu ngak tapai",negatif,,,,
Gak pesen barang apa apa di shopee tiba tiba ada kurir nganterin paket cod di rumah aneh masa bisa ckout sendir,negatif,,,,
IKLAN NYA KEBANYAK TOLOLLL!!! DI YOUTUBE KEBANYAKAN IKLANN GOBLOKKKK,negatif,,,,
bagus,positif,,,,
Banyak banget diskon/voucher Shopeenya,positif,,,,
Gk bakal lagi gw belanja di apk ini lgi kapok banget gw,negatif,,,,
keren,positif,,,,
Bagus,positif,,,,
??,positif,,,,
Guwelakne,negatif,,,,
Biar bintang yang bicara dulu,positif,,,,
Terimakasih kasih shopee saran sedikit saja spy bisa men download video di shopee lebih mudah untuk keperluan promo,positif,,,,
Sangat memuaskan,positif,,,,
banyak kejutannya,positif,,,,
Senang dengan shopee,positif,,,,
Jos markojos,positif,,,,
semoga terus baik layanannya,positif,,,,
Flashsale hoax,positif,,,,
Banyak promo ya,positif,,,,
bagus,positif,,,,
"sering banyak event promo sih, tapi tiap jam promo nya pasti aplikasinya lemot hahaha produk 1 rupiah belom ada 1 menit udah habis gabisa di checkout, tapi setelah dicek lagi ternyata habisnya dalam kurun waktu 5 menit ????",negatif,,,,
Tidak kompetitif,negatif,,,,
Sinyal saya padahal bagus tapi lemot e gimana mau menang war flash sale kalau gini min payah,negatif,,,,
Ok,positif,,,,
"Kenapa sih shopee ini,, udh mulai eror shopeelatter saya kenapa pilihan bayar nanti atau bayar bulan depan jadi gak ada? Padahal saya bayar selalu tepat waktu..!!! Kadang buat pikiran jadi males mau apa2 pake shopee lagi kalo begini!!",negatif,,,,
Tambah lelet setiap bln mesti update Padahal ini tu toko online cukup bagus Sangat sayang kn??,negatif,,,,
Min cara daftar agen shopee express bagai mana,positif,,,,
Barang ya bagus,positif,,,,
pokoknya Shopee best,positif,,,,
"Gembel, gak pernah telat bayar tapi gak bisa Upgrade spaya later",negatif,,,,
3 dulu so pelayanan para selernya kurang memuaskan. Dan aplikasinya sangat lamban terlalu banyak konten yg ga jelas,negatif,,,,
"Bagus,tapi kenapa sya pake spinjaman ia",positif,,,,
terbaik,positif,,,,
Sangat rekomended bgttttttttttt,positif,,,,
Tolong di perbaiki lelet banget ??,negatif,,,,
Seneng banget belanja di sini pelayanan sangat baik dan cepat,positif,,,,
Lelet,negatif,,,,
"Ini tentang voucher gratis ongkir 0 rupiah. Tiba tiba pas mau check out nambah lagi tuh ongkir nya ke semula se akan voucher nya gk kepake padahal udh dipake, ini nge bug atau gimana toko oren?",negatif,,,,
Memuaskan,positif,,,,
"Pengirimannya cepet bgt deh, tp aplikasi kek berat gitu jadi yh bintang 4 dulu",positif,,,,
ok,positif ,,,,
sangat baik,positif ,,,,
Ok,positif ,,,,
Good,positif,,,,
"Kebanyakan biaya2, koin shopee ga bs dibuat belanja, cuma buat motong harga. Ga tulus.",negatif,,,,
mantap,positif,,,,
Mantap sangat puas,positif,,,,
Oke,positif,,,,
"Makin kesini makin gak suka sama shopee, telat bayar tagihan saja sampe akun dibatasi gak bisa belanja lagi, semua akses bahkan bikin akun baru juga tetep gak bisa dipake buat belanja lagi, shopee parah ancur??????",negatif,,,,
Udah diupdate tpi mlah lemot,negatif,,,,
sangat membantu,positif,,,,
Nokomen.,negatif ,,,,
"Parah promo belum usai sudah berubah, cuma iklan doang",negatif ,,,,
"Sekarang klo mau liat ulasan orang lain ga muncul variasinya, kan saya jadi ragu mau beli",negatif,,,,
bagus banget,positif,,,,
"Aplikasinya lelet sekaliiiii sekarang, udah lama tidak belanja lewat aplikasi ini karena leletnya, sampe sy uninstall dan sekarang download lagi tapi masih lelet, tolong dong di perbaiki biar nyaman di gunakan, semangat.",negatif ,,,,
Aplikasi tidak stabil,negatif ,,,,
Bagus bgttt,positif ,,,,
"Sekarang shopee lemot sekali. Mau isi pulsa, kuota data, isi emoney loadingnya lama bahkan seringnya gagal buka halaman. -_-",negatif ,,,,
Oky,positif,,,,
sering muncul di iklan.... kesel gua,negatif ,,,,
ok,positif ,,,,
Sangat kecewa ?? makin lemot aplikasinya. Order berkali² pas pembayaran selalu loding dan ahirnya dibatalkan sama pihak sopi,negatif ,,,,
"Dari dulu banyak komplain ni aplikasi lemot,,,gk ada perubahan,,malah ada biaya aplikasi ??gak recommend",negatif ,,,,
shopee.ok,positif ,,,,
Very good very well,positif ,,,,
Sangat bagus,positif ,,,,
Sangat membantu,positif ,,,,
"Klau g dapat pinjaman jangan suka d tawarin....yg penting sy bayar payleter bener kaga pernah nunggak karena membantu sy usaha pinjaman jangka sebulan dah d tebus Ama yg punya langsung bayar,kadang 3 bulan blm 3 blm dah pelunasan.jangan sampai nunggak.saran sy gitu aja.....",negatif ,,,,
Tingkatkan terus macam producya,positif ,,,,
Permasalahan sudah selesai tapi peroses cukup panjang dan memakan waktu cukup lama untuk menyelesaikanya,negatif ,,,,
lemot..di update malah lemot..,negatif ,,,,
Angga any,positif,,,,
"Aku cinta kamu i love you,Miss you,Babay????????????",positif,,,,
MANTUL ( mantap betul ) BOS'Q,positif ,,,,
Good job ??,positif ,,,,
Yahava,positif,,,,
Ll,positif,,,,
"Ga bgus lemot amat, pengiriman nya pun mkin lama mles bet, dpet kurir yg katanya sedang dalam tujuan eh gatau nya pas malam di liat pembeli gada dirumah,bapak dia itu gada dirumah jelas jelas saya dirumah nungguin tu paket kga ada dtng dibikin pula pembeli gada dirumah. Tolong la shopee tambahin fitur supaya ada nama n telepon kurir yg ngantar ke alamat tujuan biar enak maki nya klo ga di antar oke!!! udh lengkap alamat ku dan nomor hp aktif terus,mles aku buat download shopee lgi",negatif ,,,,
Gamgu cok!!!! Banyak iklan sopi!!!!!!!!!!!!!!!!!!!!!!!!!,negatif ,,,,
Sangat baik,positif ,,,,
Top,positif ,,,,
Sang at baik,positif ,,,,
Padahal saya sudah memakai voucerr diskon tapi tetap saja harganya tidak berubah .,negatif ,,,,
Sangat membantu dan harganya banyak yg murah,positif ,,,,
makin lelet aplikasinya,negatif ,,,,
Ok,positif ,,,,
belanja tanpa keluar tenaga,positif ,,,,
Shopee is the best??????????,positif ,,,,
bagus,positif ,,,,
bagus sih,positif ,,,,
"Sangat mengecewakan pihak spinjam nya tidak ada koordinasi dengan baik terkait pembayaran nasabah update nya tidak langsung, padahal saya sudah bayar hampir 2 minggu. Stts pembayaran masih belum berubah malah bunga semakin naik, sudah komplain ke cs 3 kali tidak ada perubahan yang ada team kolektor wa dan sms saya sangat mengganggu. Koordinasinya sangat buruk padahal satu instansi perusahaan!!!",negatif ,,,,
Yfyyre,negatif,,,,
Oke,positif ,,,,
Ok,positif ,,,,
sangat baik,positif ,,,,
Ok,positif ,,,,
Mantaaaab,positif ,,,,
matap,positif ,,,,
Shopee memang beda dari yang lain ????????????,positif ,,,,
100 untuk aplikasi ini,positif ,,,,
Gg,positif ,,,,
"terima kasih shopee,membuat kami blnj lbih muda dan lbih hemat",positif ,,,,
mantap brow,positif ,,,,
Ngelag gak bisa masuk untuk cek pengiriman,negatif ,,,,
Terimakasih,positif ,,,,
Ok,positif ,,,,
Sip jos,positif ,,,,
Gmana sih donwload jha lma bner,negatif ,,,,
Tks,negatif,,,,
Alhamdulillah,positif ,,,,
Apik,positif ,,,,
mantap shopee terdepan banyak diskon dan gratis ongkir jos pokoknya,positif ,,,,
bagus,positif ,,,,
mantap,positif ,,,,
Oke banget,positif ,,,,
Baguss,positif ,,,,
"Orderan,cpt sampai",positif ,,,,
Perfect,positif ,,,,
top,positif ,,,,
Macettttt,negatif ,,,,
Minimal koneksinya buat stabil biar kalo flashsale yang lain kebagian juga,negatif ,,,,
Pinjol haram. Cicilan ga ngotak sampe 50%,negatif ,,,,
Bagus,positif ,,,,
"Semakin mantap.....apalagi dengan adanya spaylater,jadi makin josss.....",positif ,,,,
Mantap,positif ,,,,
Mantul ????,positif ,,,,
Puas belanja di shopee,positif ,,,,
Ok,positif ,,,,
Mantap,positif ,,,,
664 Sholawat,positif,,,,
"Iklan terlalu banyak,, iklan melulu",negatif ,,,,
Shopee sangat membantu belanja cepat dan sesuai keinginan. Smg shopee makin maju dan sukses.,positif ,,,,
Makin kesini makin gak jelas nih Shopee ??,negatif ,,,,
Sangat puss blanja d shopee Dan aman sukses selama nya shopee Dan jaya,positif ,,,,
Sangat bagus????,positif ,,,,
Gila sekarang jualan dishopee potongan admin hampir 9% lebih...mau chat CS...malah robot mulu yg jawab...gedeg bgt gua....makin kaya shopee ..parah!!!,negatif ,,,,
Sangat membantu dalam belanja online terimakasih Shopee.,positif ,,,,
Kenapa saya tidak bisa cod tolol,negatif ,,,,
Mhon maaf kpd pihak shopee.sya ingin menanya kan tntang pmulihan akun di batasi.sya Uda mngajukan pmulihan akun sya yg kena f02.kata pmberitaun dari email pihak shopee.akun sya akan di pulih kan kmbali stelah 30hri di hitung dri tgl2 mey.untuk penarikan saldo pda akun trsebut.tiba2 ada pmberitaun lagi di pihak shopee akun sya tidak bisa di pulihkan.mana dong janji pihak shopee ke pda sya 1 bulan yg lalu.klau akun sya di batasi tidak apa2.tapi yg masala nya ada uang sya pda akun.tlong puli kn.,negatif ,,,,
Aplikasi mulai terasa berat,negatif ,,,,
Mudah dimengerti,positif ,,,,
sangt bgus,positif ,,,,
mayan,positif ,,,,
Q@@c??cg uhhh xx,negatif,,,,
Mantap,positif ,,,,
Good,positif ,,,,
Mantap,positif ,,,,
Skrg dah mulai ok,positif ,,,,
Sangat membantu,positif ,,,,
mantap sopi,positif ,,,,
Saya kurangi bintangya karna apk nya sering lelet.terus mana mau meruba alamat mala gk bisa mana bolak balik terus tetap gk bisa.tolong dong klw puya apk jangan di persulit bikin alamat. Garus inila itula blah blah blah.susah banget.,negatif ,,,,
Shopee memang hebat semoga sukses terus,positif ,,,,
Akun dibatesiinn gimana sih shopee pdhl uda oke cm telat bayar aj pdhl uda dibayar haha lucu sih mnding g usah dibayar aja ap ya merugikan wkwk,negatif ,,,,
Iklan tdk bermutu bikin habis kuota,negatif ,,,,
Puas banget belaja di shopee !!!!!,positif ,,,,
"Maaf saya kasih bintang 2 karena makin lelet.nggak karuan, Sudah pakai wifi sampek ganti pakai paket data tetap muter"" Aja. Mau bayar pakai Shopee pay pun cuma loading terus sampek sekarang nggak bisa. Mohon perbaiki donk fitur""nya.",negatif ,,,,
Ngeriya sm N0l,negatif ,,,,
Oke??,positif ,,,,
Ok,positif ,,,,
sangat memuaskannnn belanja di shoopee harganya murah tapi tidak murahan dan barangnya bagus,positif ,,,,
Baik,positif ,,,,
nunggu barang sampe kaya nunggu antrian haji. zaman teknologi modern tp kaya zaman pos sepeda ontel,negatif ,,,,
Mantap pokonya,positif ,,,,
??,negatif ,,,,
shopee sangat membantu sekali,positif ,,,,
Jaya..jaya..jaya ..... Semakin jaya...,positif ,,,,
luv luv deh untuk shopee ???,positif ,,,,
lumayan membantu,positif ,,,,
Bintang saya kurangi karna fitur face id menyusahkan saya ketika checkout barang karna fitur hp saya kurang memadai. Tolong fitur face id dihapuskan di ganti finger print atau sandi kembali,negatif ,,,,
Mantap dah Shopee iloveyou fullll,positif ,,,,
"Semakin baru aplikasi, semakin lemot",negatif ,,,,
Good,positif ,,,,
Aplikasi ini sangat amat bagus saya suka sekali saya setiap hari di gratisin ongkir,positif ,,,,
Bgs lah,positif ,,,,
"Please hapus dong shoppe videonya, dan beberapa games nya, ituh yg bikin lemot ini aplikasi buat belanja atau buat mainan??",negatif ,,,,
"Sangat baik ?????????? Terima kasih, semoga sukses selalu,, Kurir sangat Rama, baik dan sabar,, Shopi semakin terdepan,, Aamiin?????+",positif ,,,,
okee,positif ,,,,
mantap,positif ,,,,
Semoga selalu amanah shopee,positif ,,,,
LaZada losss bos ?? Shopee di hati,positif ,,,,
"Shopee makin kesana makin kesini,pelit.",positif ,,,,
Sip tapi suka lelet,negatif ,,,,
Mantap,positif ,,,,
"Trimkasi shope, jauh-jauh di papua tpi kalau uda buka shope seperti belanja di mol"" Jakarta. Barang lengkap semua",positif ,,,,
Semoga amanah,positif ,,,,
Lemot,positif ,,,,
"Shopee sekarang kok gini amat yaa , mau apa apa susah , apalagi menu shopee pay nya , Sering banget error sedang memuat fitur . Coba perbaiki lagi donggg .",negatif ,,,,
"Sebelumnya saya minta maaf???????????? Ini Spinjam adanya di Shopee customer/Shopee belanja Shopee customer harus/kudu/wajib download waktu daftar Shopee driver. Berharap akun Shopee driver saya orderan food tapi kenyataan dikasih orderan selalu SPX,apalagi (JOSACA)cluster Italy,Banjar Wijaya-cipondoh,harus bawa Galon isi auto cancel, itupun sudah banyak driver mengadu tp tidak ditanggapi. Saya putus asa,sangkin ingin dapat orderan food saja,",negatif ,,,,
"aplikasi sangat lambat dijalankan meski sudah menggunakaan internet berkecepatan tinggi.. aplikasinya juga sering hang, semakin di-update malah semakin lambat.. banyak fitur tapi lambat dipakainya.. bikin hp cepat panas.. udah macam pasar tumpah aja shopee nih ??",negatif ,,,,
Mantappp,positif ,,,,
"makin lelet aplikasinya, berat bgt rasanya. udah refresh beberapa kali, udh dihapus chahe, bahkan hapus data tetep aja lelet!!!!!!!! sering lag sama banyak bug nya juga! kadang pas buka aplikasinya layar semua putih, terus sering keluar dari aplikasinya. padahal buka aplikasi lain lancar2 aja, jaringan bagus memori jg ga penuh, tapi pas buka shopee maah lag, terus nge blank. tak kasih bintang 2 dulu Harua bagaimana lagi? Dah habis kata kau buat jawab kan?? Aplikasi mu lama lama bikin naik tensi",negatif ,,,,
Bgs,positif ,,,,
senang lihat video shopee,positif ,,,,
bagus,positif ,,,,
Banyak gratis ongkirnya,positif ,,,,
Lebih baik dan dipercaya dari yang lain...,positif ,,,,
Terbaik di belanja online terpercaya,positif ,,,,
"Semenjak saya pake aplikasi shopper,jadi nggak repot untuk berbelanja.",positif ,,,,
sangat lemot.. apl belanja online kebanyakan fitur gk penting. tidak semua pengguna shopee hp nya bagus.. saya harap ada apl shopee versi lite yang tidak ada live video.,negatif ,,,,
Sangat bagus,positif ,,,,
Mudah mendapatkan rejeki,positif ,,,,
Ok.. Bgus,positif ,,,,
I love you,positif ,,,,
Belanja murah belanja online praktis,positif ,,,,
Klau belanja dishopee enak barang dijamin original,positif ,,,,
"Penjual jahat main blokir minta ganti rugi aja blokir tak aklak. Tambahan baru penjual diberitau cek barang kondisi layak atau tidak helm dikirim dengan baut hilang tak aklak. Tambahan lagi saya beli barang pakai koin sebanyak 30 ribu koin beli sereal eee, disuruh batsl minta ganti koin diblokir tak aklak makin parah susah dipercaya makin lama. MAKIN PARAH LAGI SINYAL BAGUS TAK BISA BAYAR BARANG",negatif ,,,,
Bagus,positif ,,,,
Belanja online yang menguntungkan,positif ,,,,
Suka,positif ,,,,
Sangat membantu dan murah,positif ,,,,
Baik,positif ,,,,
ok,positif ,,,,
Jelek,positif ,,,,
Setelah di update makin ngebug di jaringan dan membayar denhan s.paylater,negatif ,,,,
Cocok untuk kita yang suka cod ad,positif ,,,,
Barang yg datang tepat waktu dan sesuai pesanan,positif ,,,,
"Segala sesuatu yang ingin kita perlihatkan tak perlu banyak sponsor, terimakasih",positif ,,,,
top,positif ,,,,
"Real Pict barang2nya, tQ Shopee ????",positif ,,,,
baik,positif ,,,,
Baguss,positif ,,,,
Mantap,positif ,,,,
Bagus banget,positif ,,,,
Keren,positif ,,,,
keren bagus,positif ,,,,
"Pengiriman lumayan cepat,respon lumayan cepat.",positif ,,,,
tingkatkan lagi promosi nya,positif ,,,,
Bagus,positif ,,,,
Sangat membantu,positif ,,,,
"Aplikasinya lemot padahal buka game dan streaming youtube 1080p lancar, sering lag, buat hp jadi sangat panas seperti main game lama, padahal waktu buka apl olshop sebelah engga panas, tolong diperbaiki",negatif ,,,,
Aku sangat suka shoppee 6.6,positif ,,,,
Bagus dah pokoknya,positif ,,,,
tidak dapat verifikasi login akun aneh banget padahal sesuai semua,negatif ,,,,
Bagus,positif ,,,,
"Selalooo di Depannnn, Majuuu Terusss",positif ,,,,
Tolong tambahkan pembayaran menggunakan dana bila sudah saya tambahkan bintang 5,positif,,,,
Makin berat,negatif ,,,,
Mantap lah pokoknya sudah mantap bang hihi mantap" hehe iyo bang mantap" aduhhh hihi Mantap"sshh,positif ,,,,
"Alhamdulillah shopee sangat membantu bagi saya seorang ibu rumah tangga,dengan shopee saya bisa membuka usaha dan sambil belanja ,terimakasih shopee??",positif ,,,,
belanja di shopee selalu menyenangkan....,positif ,,,,
Bahshs,negatif,,,,
Mantap,positif ,,,,
"MAKIN LAMA MAKIN ANEH NI APK KAGA JELAS, MEMORY HP SAYA BESAR INTERNET SAYA BAGUS SUDAH DIBERSIHKAN CECH SEGALA MACEM TTP AJA KAGA BISA DIBUKA. TETAP AJA ADA TULISAN ""Ups Halaman Sedang Dalam Perbaikan"" SEMENTARA SAYA MENGALAMI ITU UDA 5 HARI YG LALU SAMPAI SAAT INI. TOLONG DONG PERBAIKI INI APK, NNTI MAKIN LAMA ORG² PDA KASIH RATING ?? 1 LOH BENERAN DAH. TERIMAKASIH??",negatif ,,,,
"Bintang 1, karna ini keamanannya sudah gak ketat,Sudah ada si penipu yang menjual di aplikasi ini",negatif ,,,,
"Beneran ngeselin banget, kenapa ya ? Kok bisa pas bukak ngbug mulu.. perbaikan terus . Dan kembali ke awal. diperbarui malah bikin ga nyaman .",negatif ,,,,
Bagus,positif ,,,,
Bagus,positif ,,,,
top,positif ,,,,
Ok,positif ,,,,
Sesuai pesanan,positif ,,,,
"Say kasih bintang 2 karena aplikasinya semakin kesini semakin lelet, padahal udah aku update tpi ttep lelet. Bukannya makin bagus malah tambah lelet. Mohon untuk di perbaiki lagi",negatif ,,,,
Jelek,negatif ,,,,
Shoppe sangat membantu saya untuk membeli barang,positif ,,,,
Rifa 8çm,positif ,,,,
6ionttol0,negatif,,,,
"Min kenapa yaa, timbul² ada notifikasi penagihan utang di customer servis, sebelumnya saya gak pernah ngutang, Spaylayer Nonaktif, Spinjam pun Non aktif, jadi kenapa saya ditagih utang min, saya gak oernah ngutang Min",negatif,,,,
"Shoppe skrg selalu pro pada seller barang kw Kurir nya,please kasih jam kerja wajar aja napa. Gila aja jam 9-10 malam nganterin barang, Klo itu Frozen food atau brg penting sih oke lah bisa di maklumi. Aturan buat kurir nya tuh yg wajib di benahi MAX PENGIRIMAN JAM 5-6 sore aja!!!!!!!!!!!!",negatif,,,,
Bukankah ini aplikasi belanja kenapa sekarang malah jadi aplikasi vidio? Klo emang untuk belanja ya sewajarnya kali jangan berlebihan sampai memberatkan aplikasi,negatif,,,,
Mantap!!!belanja di shope,positif ,,,,
Aplikasi lemot,negatif,,,,
"Jangan banyak iklan cape liatnya, engga suka, dikasih bintang 1 loding lama, payahnyusahin aja, intinya engga suka iklannya. Pahamkan",negatif,,,,
???????,,,,,
Paket saya selalu dibatal kan. Saya udah nunggu lama malah di batalkan. Jadi karena itu saya pindah ke apk sebelah,negatif,,,,
lama mengistal,negatif,,,,
"semoga makin banyak promo ya, hehe",positif ,,,,
Pelayanan dari Shopee cukup memuaskan.. Terima kasih banyak.. Sangat membantu..,positif ,,,,
Belanja online mudah di shopee Pengiriman cepat Harga harganya bersahabat Beberapa hari terakhir agak lemot ya,positif,,,,
Aku suka Shopee,positif,,,,
"tidak seperti dulu,sekarang tiap ngisi saldo di potong 1500rupiah dan per transaksi order di potong 1000rupiah kalau di kalikan per order sudah berapa ribu,+ saya kurangi lagi ? nya habis update kok tambah lemot lelet..????",negatif,,,,
Aplikasinya sering berhenti tiba2...trys buka flash sale malah tiba2 kembali ke halaman utama...benerin yg bener dong makin update makin g karuan,negatif,,,,
Kasih start ????? x aja naik limit jadi 20 juta??????????,positif,,,,
Makin lelet aplikasinya dibuka berat seklii Tapi yah lumayan bagus,negatif,,,,
Siip..,positif,,,,
Mohon Tambahkan Tema Gelap,positif,,,,
Makin lama makin hemmmm????,negatif,,,,
Sangat puas semua tokonya amanah,positif,,,,
Nice pokonya,positif,,,,
Muak gw liat iklan orang nyanyi sopi Pi pi kntl,negatif,,,,
Aplikasi penipu,negatif,,,,
Lumayan bagus untuk saat ini dan semoga kedepan terus lebih baik terutama diskon besar-besaran,positif,,,,
Jaya selalu,positif,,,,
Sering berhenti ngelag,negatif,,,,
Sulit ganti nomor handphone yang sudah tak aktif lagi,negatif,,,,
Aplikasi berat jadi lemot,negatif,,,,
"Shopee makin kesini makin aneh, yg seharusnya dapet koin 20k pas di terima barang gadapet koinnya. Bukan mempermasalahkan koinnya yg ga seberapa, tapi kejadian ini ga sekali aja. Kasian buat orang yg ngarepin koinnya, malah tiba-tiba diterima barang gada koinnya.",negatif,,,,
keren karna banyak gratis ongkir heheh??,positif,,,,
ok,positif,,,,
Makan hari makin lemot,negatif,,,,
terpaksa uninstal aja dah ga bisa cod,negatif,,,,
Tahu semua yg kau butuhkan..,positif,,,,
coba dulu,positif,,,,
Saya kecewa Kok shoppepay saya Ga ada 0 Padahal saya udh isi Loh TAU GA ISI SHOPPEPAY ITU PAKE DUIT KOK KERESET SIH SUMPAH NGESELIN BANGET KAPAN SI H SHOPPE GA NGELAG !!!!!,negatif,,,,
"Kurang lancar tdk sprti shopee yg dulu,klo bz d perbaiki to admin tolong app shopee ny d perbaiki agar lancar",negatif,,,,
membantu,positif,,,,
Yang paling saya benci dari shopee adalah update aplikasi,negatif,,,,
keren?,positif,,,,
Sangat baik,positif,,,,
Mengganggu penawaran,negatif,,,,
Sya benar2 berkesan dengan shoppe.hanya saja akun sya yg lama hilang.kalo misalkan sya mau bikin akun baru dengan ktp sya sebagai pendaftaran apa bisa masuk ke akun yg lama ?? sya masih Ada tunggakan di akun yg lama Dan berniat membayar? Untuk develop sya tunggu jwb an nya ?? hidup di bayang-bayangi hutang benar2 tidak tenang ?? meski Kecil hutang ya hutang tetap harus di bayar ??,positif,,,,
Pokoknya baik dah,positif,,,,
Jadi aplikasi belanja online terfavorit dan juga semakin lengkap,positif,,,,
"Kenapa skrg apa apa ngga boleh dijual sih dishopee. Makin nyusahin aja mau nyari garskin buat pod aja udh ngga ada, kebanyakan peraturan skrg__-""",negatif,,,,
Bagus ??????????????????,positif,,,,
"Pake Shopee oke bgt banyak manfaat ,mudah & sering gratis ongkir??????",positif,,,,
??,positif,,,,
ooh,positif,,,,
Shopee makin melaju kencang.. Sekarang boleh di check dulu barang yg di pesan klu ok baru di bayar.. Sukses selalu Shopee.,positif,,,,
"update an terbaru makin eror aja, mau bayar pesanan malah disuruh download fitur, dan download nya pun gak bisa, malah seolah olah gak ada sambungan internet. padahal di apk lain sinyal nya lancar² aja",negatif,,,,
"Cpt, terjamin",positif,,,,
bagus lumayan dapet koin gratis,positif,,,,
Aplikasi Terpercaya sih i i,positif,,,,
pak buk pls jangan ada iklan shope bikin ngeganggu,negatif,,,,
Keren,positif,,,,
Puas belanja di Shopee,positif,,,,
"Tolong hilangkan biaya penanganan dari shopee, sekarang belanja di shopee setelah muncul nya biaya penanganan menjadi tidak nyaman, mending kalau 1000 atau 2000 tidak masalah, namun kalau sampai 16000, saya rasa terlalu banyak. Saya minta hilangkan biaya penanganan yang dampak nya nihil!",negatif,,,,
PS drop,negatif,,,,
Kepada developer atau pihak shopee. Tolong di respon pesan sya ini. Sya adalah penjual dan bembeli barang di aplikasi shopee.. sya sudah cukup lama menggunakan aplikasi shopee untuk keperluan belanja dan menjual barang dagangan sya... Sekarang udah dua kali kejadian dana penjualan sya telat terus masuk ke saldo penjualan sya... Keterangan nya tanggal 1 juni sekarang udah tgl 6 malah belum masuk juga... Tolong lah kerja sama nya klo kya gini caranya giman kami bisa memutar modal tersebut. Jawab,negatif,,,,
Aplikasi lemot banget,negatif,,,,
"Hari bebas ongkir, shopee 6.6",positif,,,,
Sangat membantu,positif,,,,
Good luck,positif,,,,
Makin hari makin lelet aplikasinya,negatif,,,,
Lumayan...,positif,,,,
Terima Kasih.. mohon untuk seller jangan terlalu gede biaya adminnya.. kami hanya penjual recehan????,positif,,,,
"Pengiriman lama,padahal sudah di bayar,banyak barang jualan nya tidak berkualitas, sangat buruk!!!!",negatif,,,,
Tolong Shopee untuk memilih jasa pengiriman yang baik... Paket saya Sering Salah kirim.... Sehingga terjadi keterlambatan pengiriman..... Untuk toko penjual nya tolong diseleksi lagi ada beberapa yang tidak amanah.... Tidak sesuai barang yang di pesan dengan barang yang di kirim sehingga merugikan customer/pembeli.....,negatif,,,,
Flashsale 1 rupiah selalu stock habis .ntah permainan apa bukan ..,positif,,,,
Developer kurang waspada dengan bot flash sale yang menguntungkan beberapa orang dan merugikan pengguna reguler. Setidaknya dikasih pengamanan yang lebih.,negatif,,,,
Tolong dong iklan nya mengganggu sekali pedahal saya tidak mempunyai aplikasi shopee...,negatif,,,,
Fungsinal dan efisiensiaksimal,positif,,,,
komplit shopee mah..??,positif,,,,
sangat puas,positif,,,,
Mantap oke,positif,,,,
Amanah mantap,positif,,,,
??????,positif,,,,
Puas .. tapi belum pernah dapat produk gratis,positif,,,,
"Sudah belasan tahun saya memakai shope utk belanja..eh giliran hanya trlambat 1 x saja tagihan prmbyran ,trus akun saya di nonaktifkan...smpai skrg..pdhal saya sudah bayar tagihan saya yg trlambat",negatif,,,,
shopee mantep,positif,,,,
Saya belum pahami apk ini mohon penjelasannya min????,positif,,,,
"lemot nya ga ngotak sumpah, masa makin di upgrade makin lemot sih, masa tiap hari ngelag mulu, tiba² keluar aplikasi sndiri, sampe kapan kaya gini cape gw lama² sma shopeeT_T",negatif,,,,
Xx,negatif,,,,
Leletnya no 1. Lemotnya juga no 1 Tepuk tangan dulu,negatif,,,,
Suka shope. Karena discount dan harganya miring. Barang cepet sampai juga,positif,,,,
Jelek,negatif,,,,
Smua barang yg di psan sesuai dg pesanan,positif,,,,
"Ada aja dapet kurir males nyari alamat. nunggu pesanan hampir sebulan eh ternyata karena dapet kurir pemalas, alasannya alamat tidak ditemukan. makin kesini makin aneh aja kurir shopee",negatif,,,,
Oo oo ku k ku ijkjjjjjjjjjiijikkk. Bbnnnnnmmmnjjjjjjjkkkklll KL kkkkkk klu JK jnn jl mmmmmmnmmmmmmmmmmmmmmmmmmmmgggggghhghhhhhhhhhhhbbb Mo ggh mmbbbbbhhhhhhgghgggggggggggggggggwwwwwwwwwwwqqqqqqg.llmkk.mmmmmmggggggvvvvgggvvvvvvhbbhhhhhhhhjjnnnnnnnnnnnnjjjjjjjjjjjjjjjjjjjjjjjjjjjjjjjjijjjjjjjjijjjj,negatif,,,,
Jelas,positif,,,,
Belanja lebih praktis,positif,,,,
Selalu terbaik dalam maret place,positif,,,,
ok,positif,,,,
Mamtabs...,positif,,,,
Banyak iklan di hapus aj itu video iklan shopy sangat mengganggu mks,negatif,,,,
"Bintang ½ kalo ada, Transaksi checkout aja gagal mulu.",negatif,,,,
Bgus,positif,,,,
bagus lah tuk saat ini walau masih saja ada pedagang error alias nakal yg menjengkelkan sampai² pengajuan shopee leter blm pernah disetujui,positif,,,,
"Lemot bgt ,spaylatter gak bisa dibuka kecewa",negatif,,,,
Ok punya,positif,,,,
??????????,positif,,,,
Belanja di shopee sangat membantu saya saya puas belanja di shopee,positif,,,,
Perbanyak voucher lagi yah,positif,,,,
Shopee memang ok,positif,,,,
shopee is the best,positif,,,,
"perbaiki lagi , jangan pakai reels video hanya untuk menambah beban aplikasi",negatif,,,,
Makin loyo aja nieee,negatif,,,,
Ok,positif,,,,
Payah,negatif,,,,
"Tiap ada masalah kalo nanya cust seringnya cuma kasi info, ga kasi problem solving yang jelas dan terlaksana, jadi masalah cuma dianalisa aja ga ada solusi tepat guna, ada pun solusinya butuh waktu lama ga cepet waktunya..",negatif,,,,
Murah meriah,positif,,,,
"bagusss, dan parbaikin lgii",positif,,,,
Limit spaylater lama naiknya,negatif,,,,
Bagus dan cepat,positif,,,,
"Gabung Sama GO-PAY Tapi gak Pernah ada Gratis Ongkir GO-SEND,,, Huffff,,Gak Kaya Apk Sebelah,,,Pelit Apa Meditttt??????",negatif,,,,
"Lemot apkny, jaringn bgus ttp jg lemot, pdhal enk belnja lewat sini",negatif,,,,
"shopee parah masa nggak bisa login di perangkat baru. pengenalan wajah selalu gagal. hadeuh, auto pindah ke si biru.",negatif,,,,
Terlalu mengganggu,negatif,,,,
Lagu2 kenangan deumersis,positif,,,,
Sangat baik,positif,,,,
selalu ada iklan,negatif,,,,
Ok,positif,,,,
Bagus,positif,,,,
sangat membantu,positif,,,,
lelet apk nya,negatif,,,,
"aplikasi terasa semakin berat,, loading lamaa",negatif,,,,
0k,positif,,,,
Hay rekan shope Mohon maaf ini saya sudah bayar spaylater tanggal 1 kemarin Masih ada tagihan Dapat email pengembalian dana Terus yang tagiha nya nambah terus nih bunga nya Gmna dong,negatif,,,,
Ok4,positif,,,,
Aku,positif,,,,
Ill and seeing muncul,negatif,,,,
Good,positif,,,,
Ok sangat bagUs,positif,,,,
semoga sukses selalu,positif,,,,
Shopee memang jos gandos ?????? sukses terus shopee,positif,,,,
Sangat memudahkan untuk mencari barang,positif,,,,
"Gk tau,soalny bgs aj",positif,,,,
"Aplikasinya semakin berat, nguras memory banget",negatif,,,,
Good app,positif,,,,
Mantap sekarang ada shoppe saya menjadi lebih ringan karna tinggal cekout saja kalau cocok,positif,,,,
Aplikasi tidak berguna karna ngak bisa di download,negatif,,,,
"Maaf, tapi kenapa semakin lola ya. Jaringan internet sudah stabil.",negatif,,,,
makin lemot,negatif,,,,
Good luck,positif,,,,
okeee bangettt,positif,,,,
Terpercaya,positif,,,,
bagus,positif,,,,
"Videonya hanya bikin berat aplikasi aja, kenapa nggak fokus jualan aja.. tambah ada game lagi, makin berat",negatif,,,,
Mantap,positif,,,,
sangat menyenangkan,positif,,,,
mantap,positif,,,,
Bagus apk nya,positif,,,,
"Iklan mulu, kaga seru, lagi maen iklan shopee muluu kesel bat",negatif,,,,
sopy ??,positif,,,,
Bagus,positif,,,,
perbanyak gratis ongkir dan kalau bisa dikasi info nomor telfon kurir yg bawa paket nya terima kasih shoppe maju trus,positif,,,,
memang shopee sangat bagus.,positif,,,,
Sangat membantu,positif,,,,
Aku selamatkan,positif,,,,
dikit beet gratis ongkirnya kak,negatif,,,,
bagus,positif,,,,
"Tolong tambahkan fitur tema gelap nya ,Terimakasih",positif,,,,
Sangat puas belanja disini,positif,,,,
Kerja bagus,positif,,,,
Aplikasi terasa berat,negatif,,,,
keren banget .. apk yang sangat membantu ...,positif,,,,
good ????????????,positif,,,,
Top,positif,,,,
Sopi aku mau cekot barang tp gratis boleh gx sich xixixi ngakak abiez,positif,,,,
Terbaik,positif,,,,
"Apk nya bagus,banyak diskon dan promo menarik",positif,,,,
"Kecewa selalu ikutan event tapi gak menang² jangan² semua udah di setting cuma rekannya doang di pilih, waspada kalian php in pelangganmu yang fakir miskin pejuang receh itu dosa besar buat loe pade tanggung.",negatif,,,,
Sangat. Baik,positif,,,,
aplikasi yg sngt aq favorit kan shopee,positif,,,,
Suka banget klau freong,positif,,,,
Saya suka dengan alpikasi shopep,positif,,,,
Mantappppp pol,positif,,,,
Sangat membantu,positif,,,,
Memuaskan slalu,positif,,,,
Ok,positif,,,,
Ok,positif,,,,
Barang nya baguus,positif,,,,
Shopee ok buat kita kita kaum sudra..,positif,,,,
"Tolong produk Vape /rokok elektrik di ada kan, giliran alkohol bisa ketemu. Kontlo",negatif,,,,
Oke,positif,,,,
"shoppee kok nakal banget sih kamu iku ,sumpa pacarku jadi badmood gara gara ga dpat flashsale kalo bikin flash itu yang banyak gini pacarku kecewa nangis badmood takasih ranting satu kalo misal pacalku udah ketawa gara gara kamu takasih bintang 5",negatif,,,,
Buruk,negatif,,,,
Bagus,positif,,,,
Buruk ... Dalam pengiriman!. Lambat,negatif,,,,
Kenapa saya tidak bisa memasukkan alamat saya. Itu shopee tolonglah.,negatif,,,,
sangat membantu sekali,positif,,,,
Lebih baik,positif,,,,
4 bintang,positif,,,,
Ok bnigit,positif,,,,
Bagus,positif,,,,
Bagus,positif,,,,
Baik,positif,,,,
sdh yg kesekian blanja di shopee..trims promonya..trims pelayanannya..sukses to shopee.,positif,,,,
Bintang Yg Berbicara,positif,,,,
1 bintang yg kurang karena aplikasi masih berisi macam² dan berukuran besar saat diinstall >50MB.,negatif,,,,
suka banget belanja di shoppe berka selalu yah,positif,,,,
Aplikasi terberat yg pernah ada,negatif,,,,
"Maaf cuma bisa ngasih bintang segitu, soalnya apk shopee makin lambat. ??",negatif,,,,
Sangat bermanfaat untuk belanja onlline.,positif,,,,
"Bagus banget kalo mesen barang nya cepet sampai dan sesuai harapan, makan nya aku kasih bintang lima5, makasih Shopee 6.6 mega elektronik??",positif,,,,
"Perbanyak lagi promonya,jangan kasih kendor,,,semoga kedepannya semakin jaya",positif,,,,
oky,positif,,,,
Aplikasi jual beli terlengkap,positif,,,,
bagusss banget,positif,,,,
Dulu bagus Promonya lumayan adil Sekarang ribet.. top up udh bayar biaya tambahan.. nominal yg masuk jg masih dikurangi lagi dg istilah biaya transaksi.. lha terus yg kita bayar pas top up itu apa dong?????????????? Mau isi lewat Bank pun sering gagal??,negatif,,,,
ok,positif,,,,
Lebih slektif dan tingkatkan keamanan lagi untuk toko² yg kurang terpecaya,positif,,,,
rekomendet,positif,,,,
SYUKAAAAAA??????,positif,,,,
baik,positif,,,,
Woy jangan iklan Mulu la liat tik tok GK bisa !!!!!!!,negatif,,,,
"aplikasinya lelet, ngebug mau belanja susah g bisa di pencet padahal klo buka aplikasi lain gk ngebug maaf unistaal Lgi tolong diperbaiki lg biar mudah berbelanja maaf tak ksi bintang 2 ??",negatif,,,,
Aplikasi ini sangat bagus dan aman ga ada penjual yg suka menipu pembeli,positif,,,,
Mantaap,positif,,,,
"aplikasi apasih ajg harus ada download fitur bagian pembayaran,hapus aja fiturnya ribet",negatif,,,,
??????????,positif,,,,
"Bagus , saya suka untuk saat ini tidak ada masalah saya suka dengan pelayanan shoopee, dan berbelanja di shopee ??",positif,,,,
cukup baik,positif,,,,
Semoga spaylater saya bisa digunakan,positif,,,,
bagus,positif,,,,
Good apk,positif,,,,
Mantap,positif,,,,
Lemot,negatif,,,,
Aplikasi nya agak lemot sih tp gpp tetap menikmati berbelanja ???? tingkatkan lagi ya,positif,,,,
Pengiriman lebih cepat. Terimakasih Shopee...,positif,,,,
Dijamin mudah dan murah,positif,,,,
Ya cukup puas,positif,,,,
"Tukang paket nya gatau tempat terus ajah gagal pengiriman pdahal alamt ada jelas , kalau gaada alamat baru gak nyampe nyampe paketaan jelas ini ada alamat tapi gak nyampe eror",negatif,,,,
Bagus,positif,,,,
Aplikasi ini membantu buat belanja online dan menghasilkan koin jika melihat vidio dan mengundang teman,positif,,,,
Bagus.,positif,,,,
mantap shopee,positif,,,,
Bagi saya belanja online di shopee sangat bagusss karna aq senengnya banyak promo ongkirnya juga dan yah sekarang klo beli barang sampainya tuh hampir semingguan. Tapi karna aq tipe org yg gak sabaran jadi klo mau beli barang di shopee kadang beli jauh² hari deh dan kalau tidak terlalu mendesak juga it's okay sih bagi aq. ??????,positif,,,,
"Nyaman juga belanja d shopee,, Cukup terbantu karna ada paylater'a Cuman limit nya susah kali naik??",positif,,,,
"Semoga kedepannya Shopie bisa lbh baik lagi, pesan saya penjual yg nakal suka mengakali pembeli hrs lbh diperhatikan lagi.soalnya byk penjual mengatas namakan pakai hadiah, terus byk konsumen yg ketipu..cia you Shopie ????",negatif,,,,
Enak nyaman,positif,,,,
shopee skrng kenapa sih padahal ada paketan dan jaringan juga lancar lancar aja tapi knp kadang suka ga muncul gambar nya atau loading mulu ya,negatif,,,,
"kenapa kak saya paket ny dibatalkan ya padahal kan saya dirumah ada sudah menunggu, langsung batal aja telpon kan bisa....-_",negatif,,,,
Iklan kau menyebalkan,negatif,,,,
Lemot,negatif,,,,
Good,positif,,,,
"Makin lemot euy, lieur",negatif,,,,
Lumyn lahj,positif,,,,
good,positif,,,,
makin berat aplikasinya,negatif,,,,
aAaaaàààaaa3 5 d,negatif,,,,
Suka banget apa tpi aqw gk negerti sistem yang tulisannya promo 10rbu pas di.klik.jadi 25.. Gk pham caranya,positif,,,,
Hantu,positif,,,,
Live dihilangkan saja,negatif,,,,
"S pinjem udah bayar padahal tapi masih ada tagihannya, udah di kirim juga buktinya di fb di whatsapp tapi ga di respon sama sekali",negatif,,,,
Alhamdulillah aplikasi ini membantu kita dalam berbelanja ..terima kasih banyak atas bantuannya untuk memudahkan kita dalam berbelanja.,positif,,,,
Top....saya suka gratis nya karna saya penguna dari desa ..jadi bisa meringankan ongkir ..tuk shopee. Jgn gratis onkir aja mainkan diskon potong langsung setiap bulan y seperti Tk pedia 50 minin b3lnja jadi 30 ptg langsung byr ..seperti tik tok shop toko pedia dan lazada gila gilaan kalo kasi potong langsung harga brg,positif,,,,
Pengiriman cepat,positif,,,,
Shoopee memang mantap,positif,,,,
Lucu,positif,,,,
Kakk aplikasi kenapa makin lemot ya abis diperbarui ??????,negatif,,,,
membantu,positif,,,,
Moga lo gda yg make ajg gua lgi war malah nimbul iklan lo bngst,negatif,,,,
Oke bos,positif,,,,
Mantap,positif,,,,
Puas,positif,,,,
Bagud,positif,,,,
Mantapl,positif,,,,
Lemot,negatif,,,,
makin lama makin super lemot app nya.. sangat kecewa tidak seperti yg dulu pdahal jaringn full ...,negatif,,,,
Jarang kecewa,positif,,,,
Sangat memuaskan,positif,,,,
Sangat ngelag padahal sudah di update jaringan pun lancar bahkan mau login ke akun lain aja susah tolong diperbaiki lagi min,negatif,,,,
"Kok makin update makin berat, makin lelet, makin banyak bug nya. Pas main gensin impact malah lebih lancar no delay",negatif,,,,
Iklan banyak,negatif,,,,
baguss,positif,,,,
gut,positif,,,,
"Bagus banget,harga murah dan mudah digunakan",positif,,,,
Bagus,positif,,,,
Bagus tapi lama kelamaan pegiriman lama sampai,positif,,,,
"mantab belanja di shopee, ayo buruan belanja nunggu kapan lagi.",positif,,,,
baguss cepat datang nya,positif,,,,
Bagus tapi banyak penipu kyk aku mau beli barang dtg nya yg lain,positif,,,,
Game lotnok,negatif,,,,
Sukses selalu shopee,positif,,,,
Ok,positif,,,,
"Ya Allah lelet bangeeeet, apalg yang kesabaran ku setipis tisu ini !!!! Ini apk nya berat gara2 kebanyakan fitur2 apa.. Aku kasih bintang 2 saja.",negatif,,,,
Seru bisa belnja,positif,,,,
??,positif,,,,
Baik,positif,,,,
Bagus,positif,,,,
sering ngelag. kesel produk nya juga itu2 terus yang yg muncul,negatif,,,,
Shopee nya bangkrut gak jelas bikin shoppe paylater aja ribet sekarang yang ujung ujung nya malah coba lagi tulisan nya shoppe bangkrut,negatif,,,,
Lho tt,negatif,,,,
"biar apa si ada shopee vidio segala? bikin aplikasi MAKIN BERAT aja, MAKIN LEMOT gaketulungan!",negatif,,,,
Lemooottt aplikasinya,negatif,,,,
"Sumpah kecewa bgt, pembatalan pesanan tuh ga di acc pdhl akun dengan label shopeemall. Sudah dijelaskan kalo alamatnya salah, pembelian lewat shopeepay, semuanya lewat shopee tapi service ke pembeli kok kaya gini. Bye ga akan pake shopee lagi. Saran buat user lainnya cek dlu deh alamat dan kelengkapannya, shopee ga tanggung jwb soal pembatalan.",negatif,,,,
oke,positif,,,,
aplikasinya beraaaaaaattttt ... alias lemoootttttt mending LAZ lebih ringan,negatif,,,,
sangat bagus,positif,,,,
Aplikasinya aga lelet jadi suka kesel jadinya mau blanja tapi aplikasi lemot masih cepetan yg sebelah,negatif,,,,
Belanjnya cepat dan mudah,positif,,,,
Good job,positif,,,,
Good job,positif,,,,
"Puas bgt blnja di Shopee,hrga lbh murah dan pelayanan oke.trmksh dan sukses trs ya??",positif,,,,
Mempermudah belanja + ada gratis ongkirnya lagi??,positif,,,,
Asu,negatif,,,,
"Bagus bnget,,mau apa aja tinggal ki",positif,,,,
Aplikasi yang sangat amat bermanfaat dan berguna sekali,positif,,,,
Udh ckup ok lah..??,positif,,,,
Aplikasi berat dan sering lag,negatif,,,,
Seneng deh punya Shopee berasa punya mall pribadi??????,positif,,,,
"Gua heran sama shope..makin kesini makin berat aja ..buka beranda aja gk pda kliatan foto2 produknya..padahal sinyal wifi udh kenceng..gitU kdang suka kecewa mau beli apa2 lambat banget.tlong dong dibenerin lagi ,,kya fitur2 video2 g jelas ilangin aja,malahan kaya tiktok jdinya ada video2 bukan jualan malahan video2 lain.",negatif,,,,
mantap shoope paling hebat .. semoga sukses dan jaya terus??,positif,,,,
Dua kali beli menggunakan kurir shopee express barang tidak pernah sampai,negatif,,,,
"gratis ongkir emg selalu ada, tp biaya penanganan semakin naik ku rasa . di perbaiki dong tolong",negatif,,,,
"Apk ny lemot, berat",negatif,,,,
sangat memuaskan ....terimakasihh,positif,,,,
Good,positif,,,,
shoppe mantap...,positif,,,,
luwarbiyasa,positif,,,,
Memang oke,positif,,,,
Alham dullillah pesanan nya dh sampai mudah 2 an awet bisa order lg,positif,,,,
"Saya senang sekali berbelanja di shopee, bisa gratis ongkir tanpa minimum belanja, thanks shopee smoga sukses terus ya :) Maaf gak bisa kasih bintang 5 soalnya msh suka lemot aplikasinya",positif,,,,
tiga dulu klo bagus saya tambah,positif,,,,
Lelet,negatif,,,,
sangat nyaman,positif,,,,
Santap bro,positif,,,,
Sungguh sangat membantu setelah memakai aplikasi shopee belanja lebih mudah dan enak,positif,,,,
Cuma shopeepaynya penanganan cs terlalu lama... Semuanya mantab,positif,,,,
Good,positif,,,,
Tidak mengecewakan pesanan sellu cocok????,positif,,,,
nice,positif,,,,
Aku suka belanja disini. Tapi terkadang lelet banget. Gak bisa lihat barang. Dan terkadang susah utk checkout,positif,,,,
"Aktivasi Spinjam gak bisa, Spaylatter katanya ada data yang gak sesuai, pas telfon ga ada data saya yang gak sesuai semua sesuai. Kebijakan perusahaan harusnya bisa membantu nasabahnya, tapi malah gak bisa di gunakan transaksi.",negatif,,,,
Ayo belanja di shopee mumpung lagi ada diskon super gede,positif,,,,
Bagus,positif,,,,
mkaaih selalu pakai jasa shopee,positif,,,,
mantap,positif,,,,
Nyaman belanja di shopee,positif,,,,
Gk semaksimal awal2.diupdate malah ngelag bgt.dikira sinyalnya yg bapuk.buka aplikasi lain lancar kenceng2 aja.pas shopee malah ngelag kaya yg berat,negatif,,,,
Buruk,negatif,,,,
Makin bobrok,negatif,,,,
"Aplikasi belanja online yg bagus, pengrimannya juga cepat, dan kurirnya ramah, berkembang terus yah????",positif,,,,
spam iklan trus,negatif,,,,
Fungsional,positif,,,,
"gila2 lu shopee ngebanned aku sembarangan... pelanggan apa juga gak jelas... customer servis bilang kesalahan bukan dari akun saya, ditanyain g ad kejelasan sama sekali akun jualan ngidupin banyak org diblok sampe 5 hari g ad penjualan sama sekali. gila banget.... gila lu g bsa handle permasalahan gak solutif. g akan saya ubah bintang ini sebelum lu benerin kinerja tim terkait lu ngatasi satu akun aj bisa.",negatif,,,,
mantap,positif,,,,
bagusnya,positif,,,,
Setelah diupdate malah lemot gini buat video,negatif,,,,
Aplikasi tolol mending lajada keren emang sopi tolol,negatif,,,,
.d,positif,,,,
Mantap,positif,,,,
"Heeeii... Ini. Knapa sdh bbpa hari kek gini mau live shoppe, mau co pasti ada pemberitahuan... Sedang memuat fitur silahkan tunggu... Kenapa ini... Tolong secepatnya perbaiki",negatif,,,,
"Sekelas shopee mall, ngirim barang rusak Kapokk",negatif,,,,
Iklanny ngeganggu,negatif,,,,
Enak bener njir yang hadiah gratisan beneran dong,positif,,,,
"Saya tidak bisa menerima pesan kode (OTP), padahal saya menggunakan no masih aktif, sinyal bagus, shopee update yang terbaru, bahkan saya sudah hapus data tetap tidak bisa hadehhhhhh merugikan si pembeli dan si penjual!!!!!.",negatif,,,,
Mantap????,positif,,,,
hati2 barang rusak,negatif,,,,
"Untuk aplikasi sudah cukup bagus tapi MASUKAN SARAN buat Shopee: Tolong tab chat toko dan chat kita sebagai pembeli dipisah donk, jangan dicampur gini. Jadi pusing lihatnya apalagi kalau chat udah banyak. Sama seperti tab penilaian yang dipisah antara penilaian toko dan penilaian kita sebagai pembeli. Mohon saran ini dipertimbangkan. Thanks.",positif,,,,
??????,positif,,,,
Bagus,positif,,,,
Shopee 6.6 mega big sale,positif,,,,
mantap mmng shoope,positif,,,,
"Pengirim cepat dan kurir nya ramah,,,ngk rugi berlangganan di shopee..ok banget????",positif,,,,
Tinnkat kan,positif,,,,
!.ko ubj kutu bu,negatif,,,,
Bagus untuk mwmbeli kebutuhan,positif,,,,
Sangat membantu,positif,,,,
Baguss,positif,,,,
Oke barang nya aman,positif,,,,
Payah kenapa Shopee sekarang gak bisa cod Padahal paket selalu ku bayar...,negatif,,,,
Shoppe pelit tidak ada gratis ongkir walaupun event saya mau beli instan 2 jam tapi harus pakek minimal belanja saya kasih bintang 1 gak kayak dulu,negatif,,,,
Setelah di update ternyata makin lelet ?????,negatif,,,,
"Punya saldo di shopepay mau transfer / cek saldo aja susah bgt lemot bgt, udah di update di download lagi juga masih lemot udah refresh berkali kali di waktu yg berbeda masih sama aja",negatif,,,,
"Penjualan toko online dg respon yg baik ,cepat & terpercaya",positif,,,,
"huft shopee makin kesini semakin jelek, dari yg banyak bug seperti saat mau mengganti nama akun tetapi tidak bisa ( baru buat akun ).",negatif,,,,
Good,positif,,,,
Dv,negatif,,,,
Oke lah,positif,,,,
Dari apk sih bagus. Cuma dari pihak shopee express y lambat dalam pengiriman. Niat hati nunggu tapi malah di bikin kesel krna pihak kurir yg gak ada komunikasi sama customer. Khusus buat shopee express slawi kab tegal mending di bubarin semua management y. Banyak yg komplain perihal pengirimannya. Apa memang pihak kurir di sini males"an? Pdhl di gaji tapi gk mikirin pihak apk y yg membuat nama apk jadi buruk gara" oknum yang males"an. Mending perbaiki lagi management di slawi!! JELEK BANGET!!,positif,,,,
Cepat dan sesuai pesanan,positif,,,,
Dengan adanya shopee bersama fitur2 nya yg oke. Saya benar benar merasa terbantu dlm berbisnis,positif,,,,
Trimakasih,positif,,,,
Iu,ngatif,,,,
ok,positif,,,,
baik,positif,,,,
"oke lah ,,,harga murah murah,",positif,,,,
Shopee kok d bekukan payliternya bayar gak tlat,negatif,,,,
makin kesini makin lelet padahal jaringan stabil,negatif,,,,
"Gajelas, tiba tiba buka shopee kok ada daftar pengikut dan diikuti tanpa adanya konfirmasi dari saya selaku pengguna padahal saya tidak pernah menambahkan pertemanan apapun. Tolong hargai privasi, walaupun terhubung terhadap akun sosmed bukan berarti pihak shopee langsung membuat mereka menjadi teman juga di shope. HARGAI PRIVASI!!!",negatif,,,,
Sangn membantu dalam belanja,positif,,,,
Ok deh shopee sarannya cuma sekali2 kasih gift dong buat pelanggan setia yaa,positif,,,,
Bagus,positif,,,,
Saya kasi bintang 1 karna sitem COD berkurang masa mau beli 20 ribu aja mau tf dulu ...,negatif,,,,
"Kurirny mohon untuk diperhatikan lg, tidak menghubungi dulu asal menaruh barang ke alamat yang salah.",negatif,,,,
Bangusssssssssssssssssssssssssssssssssssssssssssssssssssssssssssssssssssssssssssssssssssssssssss bangettttttttttttttttttttttttttttttttttttttttttttttttttttttttttttttttttttttttttttttttttttttttttttttttttttttttttttttttttttttttttttttttttttttttttttttttttttttttttttttttt,positif,,,,
"Plus.mines.belanja.online. Minesnya barang nya aja belum.kita pegang, dibatalkan.ngga bisa, padahal.cuma karena mau ganti sistem pembayaran. Sudah LANGGANAN pula tapi ngga diijinkan melakukan pembatalan dengan alasan RESI.SUDAH DICETAK.",positif,,,,
Pelayann buruk pengirimn buruk lewati,negatif,,,,
aplikasi parah berat hp ram 4 aja lemot,negatif,,,,
Belanja jadi lebih mudah,positif,,,,
Ribettttt Masa reset handphone pembayaran Shopie di blokir blok,negatif,,,,
"Suka bgt sama aslinya ,memudahkan semua orang berbelanja tanpa ribet,tinggal duduk anteng di rumah paket nyampe deh?? ???",positif,,,,
Josss,positif,,,,
Sudah lama belanja. Masih ad penipuan di sini... Entah komplotan.. join sama Sophie... 4x. Jualan gak sesuai gakbar kick .gak sesuai diskripsi keluar kan. Ya jual itu aj repot. Tggu reting banyak lah korban' gak jelas shopy,negatif,,,,
Shopee sangat membantu,positif,,,,
pelayanan bagus,positif,,,,
Shopee memang bagus bayak diskon dan gratis ongkir,positif,,,,
"Apk shopee ini yang terbaik bagi kita semua,pelayanan cepat dan tidak merugikan pelanggannya good ??????",positif,,,,
Bagus,positif,,,,
Banyak iklan,negatif,,,,
T O P,positif,,,,
suka,positif,,,,
Baik,positif,,,,
Gk bisa di dowloand me Gimna ya?,negatif,,,,
"Sdh 2x Terima pesanan lewat Shopee, lumayan jg krn sdh terjangkau kurir, terimakasih Shopee",positif,,,,
Pelayanan shopee bagus dan alhmdulilah selama ini lancar dan blm pernh dikecewakn.,positif,,,,
Buruk,negatif,,,,
Tolong duperbaiki aplikasinya lumayan lemot padahal saya pake kuota,negatif,,,,
Semoga terus amanah,positif,,,,
sangat bagus,positif,,,,
Bagus sih cuman pas masuk melihat keranjang saya tiba-tiba eror hp saya untung tidak apa apa,positif,,,,
Loss,negatif,,,,
aplikasi yang bagus buat beli barang dan kebutuhan lainya,positif,,,,
Toko online terbaik hingga sekarang yg ada di Indonesia,positif,,,,
shopee is the best,positif,,,,
saya sangat senang dan puas,positif,,,,
"Lelet kale pengiriman, sortir kok kaya milih² janda",negatif,,,,
"Klo pembaruan jangan d lemotin si aplikasi nya, pembaruan kok lemot banget mau pesen barang juga, bikin kesel Aja",negatif,,,,
sangat menbantu,positif,,,,
Ok,positif,,,,
Maaf..kenapa ya ga ada ongkirnya kok aneh ya...,negatif,,,,
Apk shopy sangat membantu blanja online,positif,,,,
Saya daftar sebagai penjual tapi pas saya dah menyelesaikan postingan pertama saya dan mau pencet tombol kirim katanya"batal disimpan" itu kenapa ya?,negatif,,,,
Kalo mau belanja tinggal beli sekarang,positif,,,,
"Toko penjualan online yang lengkap terpercaya dan sangat memudahkan para pembeli belanja produk indonesia tanpa ribet, thanks shopee",positif,,,,
Hip . .....,positif,,,,
Bagus,positif,,,,
"Terima kasih sopi , telah membantu perekonomian saya ??????",positif,,,,
Bug semakin parah,negatif,,,,
Oke sip info nya,positif,,,,
Terima kasih shopee telah pelayanan luar biasa,positif,,,,
Pelayanan cepat dan bagus,positif,,,,
Iklan yang sering muncul sangat mengganngu..jadi tidak simpatik,negatif,,,,
Mengapa aplikasi shoope makan lama makin agak berat gak spt yg dulu.,negatif,,,,
Suka bingit,positif,,,,
Siap pak,positif,,,,
Tindak tegas vendor nakal yang tidak bisa return..merugikan konsumen!!!,negatif,,,,
Iklan shopee kok keluar terus d hp saya sangat menganggu,negatif,,,,
Mudah,positif,,,,
Good app,positif,,,,
Sukses selalu buat shopee dan jangan lupa tambahkan limit spinjam nya...,positif,,,,
Iklan Aplikasi ini menutup layar. Mengganggu privasi,negatif,,,,
uhuy,positif,,,,
Shopee doang yg bisa Di percaya,positif,,,,
Terimakasih om tante sudah menjadi solusi memenuhi ke inginan akau,positif,,,,
Bagus aplikasi nya,positif,,,,
apl nya sangat baik,positif,,,,
Makin lelet ??,negatif,,,,
Yang bilang aplikasinya lemot berarti hp lu kentang,positif,,,,
Shopee gitu,positif,,,,
Jadi seller pemula agak susah lakunya ya,positif,,,,
Mantap,positif,,,,
"Udah lemot, kualitas nya jelek, duit bonus ga bisa diambil. Bisa bisa banyak yang pindah aplikasi nih.",negatif,,,,
Baik buat belanja tanpa pergi ke toko,positif,,,,
enaknya aplikasi ini banya gratis ongkirnya,positif,,,,
"Kenapa ya pengajuan paylater nya gabisa gitu,udah dicoba berkali kali juga tetep sama gabisa juga,apa mungkin kendala atau memang gabolehin utang ini hihi",negatif,,,,
"Katanya gratis ongkir nyatanya cuma potongan doank, mending beli disini lbih murah dri pada beli online gk kelamaan nunggu",negatif,,,,
Apk bagus,positif,,,,
sangat luar biasaah,positif,,,,
Nyuruh belanja Mulu tapi ngasih limit Paylater kayak bocah cuma 300rb....dalam sebulan bisa 4x top up gara2 limit kecil.... Ogah gw belanja kalau ga naik limit,negatif,,,,
Apk bagus,positif,,,,
